<?xml version="1.0" encoding="UTF-8" standalone="yes"?>
<manifest>
  <control namespace="hsbc" constructor="barcodespcf" version="0.0.1" display-name-key="barcodes" description-key="barcodes for scanning room" control-type="standard" api-version="1.3.14">
    <external-service-usage enabled="false"/>
    <property name="barcodeValue" display-name-key="barcodeValue" description-key="the value to use to generate the barcode" of-type="SingleLine.Text" usage="input" required="true"/>
    <resources>
      <code path="bundle.js" order="2"/>
      <css path="css/style.css" order="1"/>
    </resources>
    <built-by name="pac" version="1.33.3"/>
  </control>
</manifest>