<?xml version="1.0" encoding="UTF-8" standalone="yes"?>
<manifest>
  <control namespace="HSBC" constructor="HSBCDCPTinyMCE" version="1.3.1" display-name-key="DCPTinyMCE" description-key="DCPTinyMCE description" control-type="virtual" api-version="1.3.5">
    <external-service-usage enabled="false"/>
    <property name="action" display-name-key="Action" description-key="The action requested by the editor" of-type="SingleLine.Text" usage="bound" required="true" default-value="none"/>
    <property name="content" display-name-key="Content" description-key="The content of the editor" of-type="Multiple" usage="bound" required="true"/>
    <property name="apiKey" display-name-key="API key" description-key="The API key for the editor" of-type="SingleLine.Text" usage="input" required="true"/>
    <resources>
      <code path="bundle.js" order="1"/>
      <platform-library name="React" version="16.8.6"/>
    </resources>
    <built-by name="pac" version="1.26.5"/>
  </control>
</manifest>